method,r0,D_over_r0,auc_edit,auc_diff,ratio
Pixels (MSE),0.1,2.0,0.7275,1.0,0.036396171897649765
Pixels (MSE),0.05,4.0,0.5579296875,1.0,0.048712749034166336
Pixels (MSE),0.03,6.666666666666667,0.3883984375,1.0,0.06640122830867767
Pixels (MSE),0.02,10.0,0.2758984375,1.0,0.08037208765745163
Pixels (MSE),0.01,20.0,0.1304296875,1.0,0.11338619887828827
Blurred pixels (σ=2),0.1,2.0,0.99796875,1.0,0.006790233310312033
Blurred pixels (σ=2),0.05,4.0,0.983984375,1.0,0.01112805213779211
Blurred pixels (σ=2),0.03,6.666666666666667,0.933515625,1.0,0.017883779481053352
Blurred pixels (σ=2),0.02,10.0,0.8173828125,1.0,0.02677641436457634
Blurred pixels (σ=2),0.01,20.0,0.4864453125,1.0,0.052185751497745514
VGG relu1_2,0.1,2.0,0.0012890625,1.0,0.2664945125579834
VGG relu1_2,0.05,4.0,0.0,1.0,0.34205448627471924
VGG relu1_2,0.03,6.666666666666667,0.0,1.0,0.4133378863334656
VGG relu1_2,0.02,10.0,0.0,1.0,0.4763610064983368
VGG relu1_2,0.01,20.0,0.0,1.0,0.5522024631500244
VGG relu2_2,0.1,2.0,0.0,1.0,0.32523563504219055
VGG relu2_2,0.05,4.0,0.0,1.0,0.4507533311843872
VGG relu2_2,0.03,6.666666666666667,0.0,1.0,0.5732005834579468
VGG relu2_2,0.02,10.0,0.0,1.0,0.6617608070373535
VGG relu2_2,0.01,20.0,0.0,0.997734375,0.7973541021347046
VGG relu3_3,0.1,2.0,0.0,1.0,0.2838713228702545
VGG relu3_3,0.05,4.0,0.0,1.0,0.4027809798717499
VGG relu3_3,0.03,6.666666666666667,0.0,1.0,0.5243933200836182
VGG relu3_3,0.02,10.0,0.0,1.0,0.6267369985580444
VGG relu3_3,0.01,20.0,0.0,0.99984375,0.7857852578163147
VGG relu4_3,0.1,2.0,0.0001171875,1.0,0.34099650382995605
VGG relu4_3,0.05,4.0,0.0,1.0,0.4841752350330353
VGG relu4_3,0.03,6.666666666666667,0.0,1.0,0.6017283201217651
VGG relu4_3,0.02,10.0,0.0,1.0,0.6962254643440247
VGG relu4_3,0.01,20.0,0.0,0.997890625,0.8245953917503357
VGG 4-layer (LPIPS-style),0.1,2.0,0.0,1.0,0.30802807211875916
VGG 4-layer (LPIPS-style),0.05,4.0,0.0,1.0,0.42379269003868103
VGG 4-layer (LPIPS-style),0.03,6.666666666666667,0.0,1.0,0.5329322218894958
VGG 4-layer (LPIPS-style),0.02,10.0,0.0,1.0,0.622458815574646
VGG 4-layer (LPIPS-style),0.01,20.0,0.0,1.0,0.7509486079216003
AA-VGG relu3_3 (untrained),0.1,2.0,0.0,1.0,0.26787808537483215
AA-VGG relu3_3 (untrained),0.05,4.0,0.0,1.0,0.3793317973613739
AA-VGG relu3_3 (untrained),0.03,6.666666666666667,0.0,1.0,0.4942813217639923
AA-VGG relu3_3 (untrained),0.02,10.0,0.0,1.0,0.5954460501670837
AA-VGG relu3_3 (untrained),0.01,20.0,0.0,0.999453125,0.7567448616027832
Proposed,0.1,2.0,0.76296875,1.0,0.06867244839668274
Proposed,0.05,4.0,0.2180078125,1.0,0.10266807675361633
Proposed,0.03,6.666666666666667,0.0203515625,1.0,0.1492765098810196
Proposed,0.02,10.0,0.000859375,1.0,0.20614711940288544
Proposed,0.01,20.0,0.0,1.0,0.37214457988739014
Proposed w/o anti-alias,0.1,2.0,0.6988671875,1.0,0.07316866517066956
Proposed w/o anti-alias,0.05,4.0,0.1899609375,1.0,0.106655552983284
Proposed w/o anti-alias,0.03,6.666666666666667,0.0187109375,1.0,0.15320508182048798
Proposed w/o anti-alias,0.02,10.0,0.000703125,1.0,0.21199877560138702
Proposed w/o anti-alias,0.01,20.0,0.0,1.0,0.3795672655105591
Invariance-only,0.1,2.0,0.04234375,1.0,0.21933308243751526
Invariance-only,0.05,4.0,0.0135546875,1.0,0.3040902316570282
Invariance-only,0.03,6.666666666666667,0.0021484375,1.0,0.39438003301620483
Invariance-only,0.02,10.0,0.0,1.0,0.48132041096687317
Invariance-only,0.01,20.0,0.0,0.999921875,0.6338810324668884
